Temperature;Concentration;Reagent ratio;Residence time;Response;Additional;Additional
100;0.2;0.9;2.5
160;0.4;3;6
T_1;C_SM_1;R;RT_1
C;M;;min
100.0;0.2;0.9;2.5;0.000539177;0.0;0.0
100.0;0.4;0.9;2.5;0.066285834;0.0;0.0
100.0;0.4;3.0;6.0;0.523382715;0.0;0.0
100.0;0.2;3.0;6.0;0.124081704;0.0;0.0
130.0;0.3;1.95;4.25;0.340612845;0.0;0.0
130.0;0.3;1.95;4.25;0.340612845;0.0;0.0
160.0;0.2;0.9;2.5;0.066361663;0.0;0.0
